chain, residue_label, residue_name, score, zscore, probability, pocket
 ,    1, ALA,  0.7696,   0.0495,   0.0844, 2
 ,    2, ALA,  1.2342,   0.3085,   0.2060, 2
 ,    3, ALA,  2.0946,   0.7881,   0.4353, 2
 ,    4, ALA,  2.3718,   0.9426,   0.4960, 1
 ,    5, ALA,  1.8619,   0.6584,   0.3795, 1
 ,    6, ALA,  2.7095,   1.1308,   0.5613, 1
 ,    7, ALA,  3.0252,   1.3068,   0.6151, 1
 ,    8, ALA,  2.3495,   0.9301,   0.4911, 0
 ,    9, ALA,  1.8774,   0.6670,   0.3834, 0
 ,   10, ALA,  1.5250,   0.4706,   0.2896, 0
 ,   11, ALA,  2.9605,   1.2707,   0.6049, 4
 ,   12, ALA,  2.6449,   1.0948,   0.5496, 4
 ,   13, ALA,  2.8298,   1.1979,   0.5828, 0
 ,   14, ALA,  1.6311,   0.5297,   0.3187, 2
 ,   15, ALA,  2.3820,   0.9483,   0.4982, 0
 ,   16, ALA,  3.5354,   1.5912,   0.6876, 2
 ,   17, ALA,  1.7567,   0.5997,   0.3526, 2
 ,   18, ALA,  1.5758,   0.4989,   0.3036, 0
 ,   19, ALA,  1.7888,   0.6176,   0.3608, 0
 ,   20, ALA,  1.7197,   0.5791,   0.3428, 2
 ,   21, ALA,  1.2571,   0.3212,   0.2126, 2
 ,   22, ALA,  0.3628,  -0.1773,   0.0197, 0
 ,   23, ALA,  0.6276,  -0.0296,   0.0560, 0
 ,   24, ALA,  0.5641,  -0.0650,   0.0455, 0
 ,   25, ALA,  0.5241,  -0.0874,   0.0394, 2
 ,   26, ALA,  0.9036,   0.1242,   0.1161, 2
 ,   27, ALA,  0.7654,   0.0472,   0.0835, 2
 ,   28, ALA,  0.8714,   0.1063,   0.1081, 0
 ,   29, ALA,  1.2412,   0.3124,   0.2080, 1
 ,   30, ALA,  1.3869,   0.3936,   0.2499, 0
 ,   31, ALA,  1.1072,   0.2377,   0.1702, 0
 ,   32, ALA,  0.5572,  -0.0689,   0.0444, 0
 ,   33, ALA,  0.7576,   0.0428,   0.0817, 0
 ,   34, ALA,  2.1701,   0.8301,   0.4524, 3
 ,   35, ALA,  1.0703,   0.2171,   0.1600, 3
 ,   36, ALA,  0.9846,   0.1693,   0.1369, 3
 ,   37, ALA,  1.4065,   0.4045,   0.2558, 3
 ,   38, ALA,  2.3290,   0.9187,   0.4868, 3
 ,   39, ALA,  1.2456,   0.3148,   0.2092, 3
 ,   40, ALA,  0.6180,  -0.0350,   0.0543, 0
 ,   41, ALA,  0.2401,  -0.2457,   0.0094, 0
 ,   42, ALA,  1.0308,   0.1951,   0.1492, 0
 ,   43, ALA,  0.6744,  -0.0035,   0.0646, 0
 ,   44, ALA,  0.4679,  -0.1186,   0.0316, 0
 ,   45, ALA,  1.6923,   0.5638,   0.3354, 3
 ,   46, ALA,  1.3938,   0.3974,   0.2520, 3
 ,   47, ALA,  1.0808,   0.2230,   0.1628, 0
 ,   48, ALA,  1.5546,   0.4871,   0.2979, 3
 ,   49, ALA,  1.5467,   0.4826,   0.2957, 3
 ,   50, ALA,  1.0226,   0.1906,   0.1470, 3
 ,   51, ALA,  0.6929,   0.0068,   0.0682, 0
 ,   52, ALA,  0.8776,   0.1097,   0.1096, 3
 ,   53, ALA,  0.4900,  -0.1063,   0.0346, 0
 ,   54, ALA,  0.2169,  -0.2586,   0.0079, 0
 ,   55, ALA,  0.1957,  -0.2704,   0.0066, 0
 ,   56, ALA,  0.1328,  -0.3055,   0.0036, 0
 ,   57, ALA,  0.2455,  -0.2426,   0.0098, 0
 ,   58, ALA,  0.5645,  -0.0648,   0.0455, 0
 ,   59, ALA,  0.8286,   0.0824,   0.0979, 0
 ,   60, ALA,  0.6552,  -0.0142,   0.0610, 0
 ,   61, ALA,  0.7968,   0.0647,   0.0904, 0
 ,   62, ALA,  0.5696,  -0.0620,   0.0463, 0
 ,   63, ALA,  1.7044,   0.5705,   0.3387, 3
 ,   64, ALA,  2.4961,   1.0119,   0.5213, 0
 ,   65, ALA,  2.5314,   1.0315,   0.5282, 1
 ,   66, ALA,  1.9075,   0.6838,   0.3908, 3
 ,   67, ALA,  3.3198,   1.4710,   0.6586, 1
 ,   68, ALA,  2.4058,   0.9615,   0.5030, 1
 ,   69, ALA,  1.7944,   0.6207,   0.3622, 1
 ,   70, ALA,  1.6089,   0.5174,   0.3127, 0
 ,   71, ALA,  1.6300,   0.5291,   0.3184, 0
 ,   72, ALA,  1.1838,   0.2804,   0.1917, 1
 ,   73, ALA,  0.2948,  -0.2151,   0.0136, 0
 ,   74, ALA,  0.9314,   0.1397,   0.1231, 0
 ,   75, ALA,  0.2942,  -0.2155,   0.0135, 0
 ,   76, ALA,  0.3414,  -0.1892,   0.0177, 0
 ,   77, ALA,  0.6144,  -0.0370,   0.0537, 1
 ,   78, ALA,  0.3118,  -0.2057,   0.0150, 0
 ,   79, ALA,  0.2977,  -0.2135,   0.0138, 0
 ,   80, ALA,  0.7103,   0.0165,   0.0718, 0
 ,   81, ALA,  1.2571,   0.3213,   0.2126, 1
 ,   82, ALA,  1.8832,   0.6702,   0.3848, 1
 ,   83, ALA,  1.5243,   0.4702,   0.2894, 1
 ,   84, ALA,  1.4108,   0.4069,   0.2570, 1
 ,   85, ALA,  1.7993,   0.6235,   0.3635, 0
 ,   86, ALA,  1.7278,   0.5836,   0.3450, 1
 ,   87, ALA,  1.8890,   0.6735,   0.3863, 1
 ,   88, ALA,  2.1657,   0.8277,   0.4513, 1
 ,   89, ALA,  1.9996,   0.7351,   0.4133, 1
 ,   90, ALA,  1.7510,   0.5966,   0.3512, 1
 ,   91, ALA,  1.7414,   0.5912,   0.3486, 0
 ,   92, ALA,  2.0792,   0.7795,   0.4318, 1
 ,   93, ALA,  2.2081,   0.8513,   0.4610, 0
 ,   94, ALA,  0.7212,   0.0226,   0.0741, 1
 ,   95, ALA,  1.3069,   0.3490,   0.2270, 0
 ,   96, ALA,  1.4864,   0.4491,   0.2788, 1
 ,   97, ALA,  0.7113,   0.0170,   0.0720, 1
 ,   98, ALA,  0.7763,   0.0533,   0.0859, 0
 ,   99, ALA,  0.2867,  -0.2197,   0.0129, 0
 ,  100, ALA,  0.1537,  -0.2938,   0.0045, 0
 ,  101, ALA,  0.6122,  -0.0382,   0.0533, 0
 ,  102, ALA,  0.7281,   0.0264,   0.0756, 1
 ,  103, ALA,  1.4636,   0.4364,   0.2723, 1
 ,  104, ALA,  0.9957,   0.1755,   0.1398, 2
 ,  105, ALA,  1.4315,   0.4185,   0.2630, 2
 ,  106, ALA,  1.8131,   0.6312,   0.3670, 1
 ,  107, ALA,  1.1561,   0.2650,   0.1839, 2
 ,  108, ALA,  2.0174,   0.7450,   0.4175, 4
 ,  109, ALA,  2.3722,   0.9428,   0.4960, 2
 ,  110, ALA,  0.5028,  -0.0992,   0.0363, 0
 ,  111, ALA,  0.6119,  -0.0384,   0.0533, 4
 ,  112, ALA,  0.3509,  -0.1839,   0.0186, 0
 ,  113, ALA,  0.2286,  -0.2520,   0.0086, 0
 ,  114, ALA,  0.4818,  -0.1109,   0.0334, 0
 ,  115, ALA,  1.3909,   0.3958,   0.2511, 4
 ,  116, ALA,  1.9458,   0.7051,   0.4002, 0
 ,  117, ALA,  1.5532,   0.4863,   0.2976, 0
 ,  118, ALA,  1.8487,   0.6510,   0.3762, 0
 ,  119, ALA,  2.0216,   0.7474,   0.4185, 4
 ,  120, ALA,  2.0447,   0.7603,   0.4239, 0
 ,  121, ALA,  2.0599,   0.7687,   0.4274, 0
 ,  122, ALA,  1.6612,   0.5465,   0.3270, 0
 ,  123, ALA,  1.5614,   0.4908,   0.2997, 0
 ,  124, ALA,  1.0003,   0.1781,   0.1410, 0
 ,  125, ALA,  0.7380,   0.0319,   0.0776, 0
 ,  126, ALA,  0.8867,   0.1148,   0.1118, 0
 ,  127, ALA,  0.3174,  -0.2025,   0.0155, 0
 ,  128, ALA,  0.2976,  -0.2136,   0.0138, 0
 ,  129, ALA,  0.6102,  -0.0394,   0.0530, 0
 ,  130, ALA,  0.4492,  -0.1291,   0.0293, 0
 ,  131, ALA,  1.0681,   0.2159,   0.1594, 0
 ,  132, ALA,  1.4412,   0.4239,   0.2658, 0
 ,  133, ALA,  1.4364,   0.4212,   0.2644, 0
 ,  134, ALA,  1.0274,   0.1932,   0.1483, 5
 ,  135, ALA,  0.7614,   0.0450,   0.0826, 5
 ,  136, ALA,  0.9532,   0.1519,   0.1287, 0
 ,  137, ALA,  1.4232,   0.4138,   0.2605, 0
 ,  138, ALA,  0.8294,   0.0828,   0.0981, 0
 ,  139, ALA,  0.7398,   0.0329,   0.0780, 5
 ,  140, ALA,  0.8577,   0.0986,   0.1047, 5
 ,  141, ALA,  0.6276,  -0.0296,   0.0560, 0
 ,  142, ALA,  0.2801,  -0.2234,   0.0123, 0
 ,  143, ALA,  0.2773,  -0.2249,   0.0121, 5
 ,  144, ALA,  0.6335,  -0.0264,   0.0571, 5
 ,  145, ALA,  0.9211,   0.1340,   0.1206, 0
 ,  146, ALA,  1.0374,   0.1988,   0.1509, 0
 ,  147, ALA,  0.7628,   0.0457,   0.0829, 0
 ,  148, ALA,  0.3017,  -0.2113,   0.0141, 0
 ,  149, ALA,  0.3770,  -0.1693,   0.0211, 0
 ,  150, ALA,  0.3210,  -0.2005,   0.0158, 0
 ,  151, ALA,  0.4476,  -0.1299,   0.0291, 0
 ,  152, ALA,  0.5789,  -0.0568,   0.0479, 0
 ,  153, ALA,  0.7048,   0.0134,   0.0706, 0
 ,  154, ALA,  0.3191,  -0.2016,   0.0156, 0
 ,  155, ALA,  0.1681,  -0.2857,   0.0052, 0
 ,  156, ALA,  0.2798,  -0.2235,   0.0123, 0
 ,  157, ALA,  0.1901,  -0.2735,   0.0063, 0
 ,  158, ALA,  0.5891,  -0.0511,   0.0495, 0
 ,  159, ALA,  0.8639,   0.1021,   0.1062, 0
 ,  160, ALA,  1.2876,   0.3383,   0.2213, 0
 ,  161, ALA,  0.6747,  -0.0034,   0.0647, 0
 ,  162, ALA,  0.2700,  -0.2290,   0.0116, 0
 ,  163, ALA,  0.7739,   0.0519,   0.0854, 0
 ,  164, ALA,  1.4440,   0.4254,   0.2666, 0
 ,  165, ALA,  1.4748,   0.4426,   0.2754, 0
 ,  166, ALA,  0.6717,  -0.0050,   0.0641, 0
 ,  167, ALA,  0.9361,   0.1423,   0.1243, 0
 ,  168, ALA,  1.7123,   0.5750,   0.3408, 0
 ,  169, ALA,  1.4748,   0.4426,   0.2755, 0
 ,  170, ALA,  0.8893,   0.1163,   0.1125, 0
 ,  171, ALA,  1.8109,   0.6299,   0.3664, 1
 ,  172, ALA,  0.6944,   0.0076,   0.0685, 0
 ,  173, ALA,  0.2732,  -0.2272,   0.0118, 0
 ,  174, ALA,  1.0543,   0.2082,   0.1556, 0
 ,  175, ALA,  1.4167,   0.4102,   0.2587, 1
 ,  176, ALA,  0.9961,   0.1758,   0.1399, 0
 ,  177, ALA,  1.8992,   0.6792,   0.3888, 1
 ,  178, ALA,  2.4536,   0.9882,   0.5128, 1
 ,  179, ALA,  1.5914,   0.5076,   0.3079, 1
 ,  180, ALA,  0.5923,  -0.0493,   0.0500, 0
 ,  181, ALA,  1.9340,   0.6985,   0.3973, 1
 ,  182, ALA,  2.3536,   0.9324,   0.4920, 1
 ,  183, ALA,  0.8434,   0.0907,   0.1013, 0
 ,  184, ALA,  0.4936,  -0.1043,   0.0350, 0
 ,  185, ALA,  1.0671,   0.2153,   0.1592, 1
 ,  186, ALA,  0.8018,   0.0674,   0.0916, 0
 ,  187, ALA,  0.2614,  -0.2337,   0.0109, 0
 ,  188, ALA,  0.2332,  -0.2495,   0.0089, 0
 ,  189, ALA,  0.2130,  -0.2607,   0.0076, 0
 ,  190, ALA,  0.5245,  -0.0871,   0.0395, 0
 ,  191, ALA,  0.9296,   0.1387,   0.1227, 0
 ,  192, ALA,  1.2157,   0.2981,   0.2008, 1
 ,  193, ALA,  1.1097,   0.2391,   0.1709, 1
 ,  194, ALA,  0.7229,   0.0235,   0.0744, 2
 ,  195, ALA,  0.8235,   0.0796,   0.0967, 0
 ,  196, ALA,  2.1388,   0.8127,   0.4451, 2
 ,  197, ALA,  0.9500,   0.1501,   0.1278, 0
 ,  198, ALA,  2.1445,   0.8159,   0.4464, 4
 ,  199, ALA,  1.2381,   0.3107,   0.2071, 4
 ,  200, ALA,  1.8149,   0.6321,   0.3675, 0
 ,  201, ALA,  1.0451,   0.2031,   0.1530, 0
 ,  202, ALA,  1.9324,   0.6977,   0.3969, 0
 ,  203, ALA,  1.2956,   0.3427,   0.2237, 0
 ,  204, ALA,  0.5286,  -0.0848,   0.0401, 0
 ,  205, ALA,  1.6293,   0.5287,   0.3182, 0
 ,  206, ALA,  1.0673,   0.2155,   0.1592, 0
 ,  207, ALA,  0.4411,  -0.1336,   0.0284, 0
 ,  208, ALA,  0.8926,   0.1181,   0.1133, 0
 ,  209, ALA,  1.7177,   0.5780,   0.3423, 2
 ,  210, ALA,  0.5963,  -0.0471,   0.0507, 0
 ,  211, ALA,  0.5592,  -0.0678,   0.0447, 0
 ,  212, ALA,  1.6127,   0.5194,   0.3137, 2
 ,  213, ALA,  1.3272,   0.3603,   0.2327, 2
 ,  214, ALA,  0.5349,  -0.0813,   0.0411, 0
